t,fase,vermogen,regel
0.0281,rust,0,MM1 !M 0 0
0.0281,rust,0,MM0 !M 0 0
0.0281,rust,0,MM1 +
0.0281,rust,0,MM0 +
0.0281,rust,0,MM1 !EX
0.0281,rust,0,MM0 !EX
0.0281,rust,0,MM1 +
0.0282,rust,0,MM0 +
0.0282,rust,0,"#113,YAW,0.73,GYRO,-10,46,-10,ACC,4,3,260,ADC,1259,344,5,2,"
0.0282,rust,0,MM0 ?P
0.0282,rust,0,MM1 ?P
0.0282,rust,0,MM0 P=0:0
0.0282,rust,0,MM1 P=0:0
0.0282,rust,0,"#114,YAW,0.73,GYRO,-10,48,-10,ACC,0,2,256,ADC,1207,384,4,2,"
0.0282,rust,0,MM0 ?S
0.0282,rust,0,MM1 ?S
0.0282,rust,0,MM0 S=0:0
0.0282,rust,0,MM1 S=0:0
0.0282,rust,0,"#115,YAW,0.73,GYRO,-9,47,-8,ACC,3,1,255,ADC,1233,500,5,3,"
0.0282,rust,0,MM0 ?T
0.0282,rust,0,MM1 ?T
0.0282,rust,0,MM0 T=36:35
0.0282,rust,0,MM1 T=37:34
0.0282,rust,0,"#116,YAW,0.73,GYRO,-8,46,-8,ACC,0,3,253,ADC,1225,381,5,2,"
0.0282,rust,0,MM0 ?V
0.0282,rust,0,MM1 ?V
0.0282,rust,0,MM0 V=120:222:4908
0.0282,rust,0,MM1 V=120:221:4898
0.0282,rust,0,"#117,YAW,0.73,GYRO,-9,47,-7,ACC,4,1,256,ADC,1242,388,6,2,"
0.0283,rust,0,MM0 ?CR
0.0283,rust,0,MM1 ?CR
0.0283,rust,0,MM0 CR=0:0
0.0283,rust,0,MM1 CR=0:0
0.0283,rust,0,"#118,YAW,0.73,GYRO,-11,47,-10,ACC,0,3,252,ADC,1223,386,6,2,"
0.0283,rust,0,MM0 ?A
0.0283,rust,0,MM1 ?A
0.0283,rust,0,MM0 A=0:0
0.0283,rust,0,MM1 A=0:0
0.0283,rust,0,"#119,YAW,0.73,GYRO,-10,48,-8,ACC,4,2,255,ADC,1248,398,4,2,"
0.0283,rust,0,"$GPRMC,101449.0,A,5050.51296,N,00419.38303,E,001.12,038.9,021026,000.4,E*5C"
0.0283,rust,0,MM0 ?AI
0.0283,rust,0,MM1 ?AI
0.0283,rust,0,MM0 AI=0:0:2465:2492:0:0
0.0283,rust,0,MM1 AI=0:0:2374:2378:0:0
0.0283,rust,0,"#120,YAW,0.73,GYRO,-9,47,-10,ACC,1,2,258,ADC,1242,390,3,2,"
0.0283,rust,0,MM0 ?C
0.0283,rust,0,MM1 ?C
0.0283,rust,0,MM0 C=649:-691
0.0283,rust,0,MM1 C=2208:-2291
0.0283,rust,0,"#121,YAW,0.73,GYRO,-10,47,-10,ACC,0,1,257,ADC,1224,496,5,1,"
0.0283,rust,0,MM0 ?D
0.0283,rust,0,MM1 ?D
0.0283,rust,0,MM0 D=50
0.0283,rust,0,MM1 D=16
0.0283,rust,0,"#122,YAW,0.73,GYRO,-10,48,-10,ACC,3,3,255,ADC,1234,380,6,1,"
0.0283,rust,0,MM0 ?FF
0.0283,rust,0,MM1 ?FF
0.0283,rust,0,MM0 FF=16
0.0284,rust,0,MM1 FF=16
0.0284,rust,0,"#123,YAW,0.73,GYRO,-10,46,-8,ACC,2,1,254,ADC,1226,392,6,2,"
0.0284,rust,0,MM0 ?P
0.0284,rust,0,MM1 ?P
0.0284,rust,0,MM0 P=0:0
0.0284,rust,0,MM1 P=0:0
0.0284,rust,0,"#124,YAW,0.73,GYRO,-10,46,-8,ACC,0,1,257,ADC,1244,388,6,2,"
0.0284,rust,0,MM0 ?S
0.0284,rust,0,MM1 ?S
0.0284,rust,0,MM0 S=0:0
0.0284,rust,0,MM1 S=0:0
0.0284,rust,0,"#125,YAW,0.73,GYRO,-10,49,-10,ACC,1,2,258,ADC,1247,499,4,2,"
0.0284,rust,0,MM0 ?T
0.0284,rust,0,MM1 ?T
0.0284,rust,0,MM0 T=36:35
0.0284,rust,0,MM1 T=37:34
0.0284,rust,0,"#126,YAW,0.73,GYRO,-7,49,-9,ACC,3,1,259,ADC,1258,499,7,2,"
0.0284,rust,0,MM0 ?V
0.0284,rust,0,MM1 ?V
0.0284,rust,0,MM0 V=120:222:4908
0.0284,rust,0,MM1 V=120:223:4898
0.0284,rust,0,"#127,YAW,0.73,GYRO,-11,47,-8,ACC,5,1,256,ADC,1225,381,5,2,"
0.0284,rust,0,MM0 ?CR
0.0284,rust,0,MM1 ?CR
0.0284,rust,0,MM0 CR=0:0
0.0284,rust,0,MM1 CR=0:0
0.0284,rust,0,"#128,YAW,0.73,GYRO,-8,49,-10,ACC,1,2,251,ADC,1240,498,6,2,"
0.0284,rust,0,MM0 ?A
0.0284,rust,0,MM1 ?A
0.0284,rust,0,MM0 A=0:0
0.0284,rust,0,MM1 A=0:0
0.0284,rust,0,"#129,YAW,0.73,GYRO,-8,47,-9,ACC,3,2,257,ADC,1238,387,7,2,"
0.0284,rust,0,"$GPRMC,101449.2,A,5050.51270,N,00419.38302,E,001.14,148.1,021026,000.4,E*5F"
0.0284,rust,0,MM0 ?AI
0.0285,rust,0,MM1 ?AI
0.0285,rust,0,MM0 AI=0:0:2452:2487:0:0
0.0285,rust,0,MM1 AI=0:0:2370:2406:0:0
0.0285,rust,0,"#130,YAW,0.73,GYRO,-7,48,-9,,GYRO,-10,48,-10,ACC,-2,1,255,ADC,1243,389,6,2,"
0.0285,rust,0,MM1 ?P
0.0285,rust,0,MM0 ?P
0.0285,rust,0,MM1 P=0:0
0.0285,rust,0,MM0 P=0:0
0.0620,rust,0,"#60,YAW,0.20,GYRO,-9,47,-9,ACC,1,2,259,ADC,1252,381,4,2,"
0.0620,rust,0,MM1 ?S
0.0620,rust,0,MM0 ?S
0.0621,rust,0,MM1 S=0:0
0.0621,rust,0,MM0 S=0:0
0.0621,rust,0,MM1 !M 0 0
0.0621,rust,0,MM0 !M 0 0
0.0621,rust,0,MM1 +
0.0621,rust,0,MM0 +
0.0621,rust,0,"#61,YAW,0.20,GYRO,-10,48,-9,ACC,2,2,257,ADC,1254,497,6,2,"
0.0621,rust,0,MM1 ?T
0.0621,rust,0,MM0 ?T
0.0621,rust,0,MM1 T=37:34
0.0621,rust,0,MM0 T=35:35
0.0830,rust,0,"#62,YAW,0.20,GYRO,-8,48,-8,ACC,1,1,257,ADC,1272,388,8,2,"
0.0830,rust,0,MM1 ?V
0.0830,rust,0,MM0 ?V
0.0830,rust,0,MM1 V=120:223:4903
0.0831,rust,0,MM0 V=120:222:4906
0.1039,rust,0,"#63,YAW,0.20,GYRO,-11,48,-9,ACC,2,3,257,ADC,1260,402,6,2,"
0.1040,rust,0,MM1 ?CR
0.1040,rust,0,MM0 ?CR
0.1040,rust,0,MM0 CR=0:0
0.1040,rust,0,MM1 CR=0:0
0.1543,rust,0,"#64,YAW,0.20,GYRO,-9,47,-10,ACC,2,2,258,ADC,1188,381,5,2,"
0.1543,rust,0,MM0 ?A
0.1543,rust,0,MM1 ?A
0.1543,rust,0,MM0 A=0:0
0.1543,rust,0,MM1 A=0:0
0.1543,rust,0,"$GPRMC,102132.4,A,5050.51638,N,00419.38204,E,000.87,010.1,021026,000.4,E*5B"
0.1543,rust,0,MM0 !M 0 0
0.1543,rust,0,MM1 !M 0 0
0.1543,rust,0,MM1 +
0.1543,rust,0,MM0 +
0.1543,rust,0,"#65,YAW,0.20,GYRO,-10,49,-10,ACC,1,2,255,ADC,1254,285,5,2,"
0.1544,rust,0,MM0 ?AI
0.1544,rust,0,MM1 ?AI
0.1544,rust,0,MM0 AI=0:0:2456:2490:0:0
0.1544,rust,0,MM1 AI=0:0:2395:2380:0:0
0.1544,rust,0,"#66,YAW,0.20,GYRO,-10,46,-9,ACC,2,2,254,ADC,1218,382,4,2,"
0.1544,rust,0,MM0 ?C
0.1544,rust,0,MM1 ?C
0.1751,rust,0,MM0 C=-402:345
0.1752,rust,0,MM1 C=2190:-2273
0.1752,rust,0,"#67,YAW,0.20,GYRO,-8,50,-10,ACC,3,1,258,ADC,1258,392,6,2,"
0.1752,rust,0,MM0 ?D
0.1752,rust,0,MM1 ?D
0.1752,rust,0,MM0 D=48
0.1971,rust,0,MM1 D=35
0.1971,rust,0,"#68,YAW,0.20,GYRO,-10,48,-9,ACC,3,2,257,ADC,1259,500,6,2,"
0.1971,rust,0,MM0 ?FF
0.1971,rust,0,MM1 ?FF
0.1971,rust,0,MM0 FF=16
0.1971,rust,0,MM1 FF=16
0.2170,rust,0,"#69,YAW,0.20,GYRO,-10,48,-9,ACC,-1,5,256,ADC,1273,497,5,2,"
0.2170,rust,0,MM0 ?P
0.2170,rust,0,MM1 ?P
0.2170,rust,0,MM0 P=0:0
0.2170,rust,0,MM1 P=0:0
0.2533,rust,0,MM0 !M 0 0
0.2533,rust,0,MM1 !M 0 0
0.2533,rust,0,MM0 +
0.2533,rust,0,MM1 +
0.2533,rust,0,"#70,YAW,0.20,GYRO,-10,46,-9,ACC,2,6,258,ADC,1262,497,4,2,"
0.2533,rust,0,MM0 ?S
0.2533,rust,0,MM1 ?S
0.2533,rust,0,MM0 S=0:0
0.2533,rust,0,MM1 S=0:0
0.2723,rust,0,"#71,YAW,0.20,GYRO,-10,47,-10,ACC,3,1,255,ADC,1250,403,5,3,"
0.2723,rust,0,MM0 ?T
0.2724,rust,0,MM1 ?T
0.2724,rust,0,MM0 T=35:35
0.2724,rust,0,MM1 T=37:34
0.2934,rust,0,"#72,YAW,0.20,GYRO,-9,48,-10,ACC,-2,0,253,ADC,1267,504,5,2,"
0.2934,rust,0,MM0 ?V
0.2934,rust,0,MM1 ?V
0.2934,rust,0,MM0 V=120:221:4906
0.2934,rust,0,MM1 V=120:222:4903
0.2934,rust,0,"#73,YAW,0.20,GYRO,-9,46,-9,ACC,-1,3,255,ADC,1223,399,5,2,"
0.2934,rust,0,MM0 ?CR
0.3142,rust,0,MM1 ?CR
0.3142,rust,0,MM0 CR=0:0
0.3142,rust,0,MM1 CR=0:0
0.3142,rust,0,"#74,YAW,0.20,GYRO,-9,46,-8,ACC,-2,2,259,ADC,1305,497,5,2,"
0.3142,rust,0,MM0 ?A
0.3142,rust,0,MM1 ?A
0.3482,rust,0,MM0 A=0:0
0.3482,rust,0,MM1 A=0:0
0.3482,rust,0,"$GPRMC,102132.6,A,5050.51622,N,00419.38196,E,000.71,009.6,021026,000.4,E*5C"
0.3482,rust,0,MM0 !M 0 0
0.3482,rust,0,MM1 !M 0 0
0.3482,rust,0,MM0 +
0.3482,rust,0,MM1 +
0.3482,rust,0,"#75,YAW,0.20,GYRO,-9,46,-10,ACC,2,3,260,ADC,1238,501,6,1,"
0.3482,rust,0,MM0 ?AI
0.3482,rust,0,MM1 ?AI
0.3482,rust,0,MM0 AI=0:0:2470:2472:0:0
0.3482,rust,0,MM1 AI=0:0:2375:2400:0:0
0.3692,rust,0,"#76,YAW,0.19,GYRO,-9,46,-9,ACC,-1,1,253,ADC,1238,382,8,2,"
0.3692,rust,0,MM0 ?C
0.3692,rust,0,MM1 ?C
0.3692,rust,0,MM0 C=-402:345
0.3692,rust,0,MM1 C=2190:-2273
0.3914,rust,0,"#77,YAW,0.19,GYRO,-10,47,-9,ACC,0,2,260,ADC,1248,400,4,2,"
0.3914,rust,0,MM0 ?D
0.3914,rust,0,MM1 ?D
0.3914,rust,0,MM0 D=48
0.3914,rust,0,MM1 D=35
0.4121,rust,0,"#78,YAW,0.19,GYRO,-10,46,-9,ACC,-1,1,254,ADC,1260,501,5,2,"
0.4122,rust,0,MM0 ?FF
0.4122,rust,0,MM1 ?FF
0.4122,rust,0,MM0 FF=16
0.4122,rust,0,MM1 FF=16
0.4485,rust,0,"#79,YAW,0.19,GYRO,-9,47,-9,ACC,-1,2,258,ADC,1235,386,4,1,"
0.4486,rust,0,MM0 ?P
0.4486,rust,0,MM1 ?P
0.4486,rust,0,MM0 P=0:0
0.4486,rust,0,MM1 P=0:0
0.4486,rust,0,MM0 !M 0 0
0.4486,rust,0,MM1 !M 0 0
0.4486,rust,0,MM0 +
0.4486,rust,0,MM1 +
0.4486,rust,0,"#80,YAW,0.19,GYRO,-10,46,-8,ACC,7,2,255,ADC,1258,500,4,2,"
0.4486,rust,0,MM0 ?S
0.4486,rust,0,MM1 ?S
0.4486,rust,0,MM0 S=0:0
0.4486,rust,0,MM1 S=0:0
0.4669,rust,0,"#81,YAW,0.19,GYRO,-11,48,-9,ACC,0,1,256,ADC,1223,383,4,2,"
0.4669,rust,0,MM0 ?T
0.4669,rust,0,MM1 ?T
0.4669,rust,0,MM0 T=36:35
0.4669,rust,0,MM1 T=37:34
0.4882,rust,0,"#82,YAW,0.19,GYRO,-8,47,-10,ACC,2,1,255,ADC,1251,383,3,2,"
0.4882,rust,0,MM0 ?V
0.4882,rust,0,MM1 ?V
0.4882,rust,0,MM0 V=120:222:4905
0.4882,rust,0,MM1 V=120:222:4903
0.5091,rust,0,"#83,YAW,0.19,GYRO,-10,47,-10,ACC,3,2,254,ADC,1259,386,6,2,"
0.5091,rust,0,MM0 ?CR
0.5091,rust,0,MM1 ?CR
0.5091,rust,0,MM0 CR=0:0
0.5091,rust,0,MM1 CR=0:0
0.5573,rust,0,"#84,YAW,0.19,GYRO,-11,48,-8,ACC,3,5,257,ADC,1220,381,4,2,"
0.5573,rust,0,MM0 ?A
0.5573,rust,0,MM1 ?A
0.5573,rust,0,MM0 A=0:0
0.5573,rust,0,MM1 A=0:0
0.5573,rust,0,"$GPRMC,102132.8,A,5050.51607,N,00419.38185,E,000.65,009.0,021026,000.4,E*54"
0.5573,rust,0,"#85,YAW,0.19,GYRO,-9,47,-8,ACC,0,1,252,ADC,1258,388,4,2,"
0.5573,rust,0,MM0 ?AI
0.5573,rust,0,MM1 ?AI
0.5573,rust,0,MM0 AI=0:0:2476:2477:0:0
0.5573,rust,0,MM1 AI=0:0:2388:2411:0:0
0.5573,rust,0,MM0 !M 0 0
0.5573,rust,0,MM1 !M 0 0
0.5573,rust,0,MM0 +
0.5573,rust,0,MM1 +
0.5573,rust,0,"#86,YAW,0.19,GYRO,-10,46,-10,ACC,0,2,256,ADC,1264,502,6,2,"
0.5573,rust,0,MM0 ?C
0.5573,rust,0,MM1 ?C
0.5573,rust,0,MM0 C=-402:345
0.5574,rust,0,MM1 C=2190:-2273
0.5779,rust,0,"#87,YAW,0.19,GYRO,-8,47,-9,ACC,1,1,257,ADC,1234,500,4,2,"
0.5780,rust,0,MM0 ?D
0.5780,rust,0,MM1 ?D
0.5780,rust,0,MM0 D=48
0.5780,rust,0,MM1 D=35
0.5991,rust,0,"#88,YAW,0.19,GYRO,-11,47,-10,ACC,0,4,254,ADC,1300,497,6,2,"
0.5992,rust,0,MM0 ?FF
0.5992,rust,0,MM1 ?FF
0.5992,rust,0,MM0 FF=16
0.5992,rust,0,MM1 FF=16
0.6204,rust,0,"#89,YAW,0.19,GYRO,-8,45,-9,ACC,0,2,255,ADC,1259,388,5,1,"
0.6204,rust,0,MM0 ?P
0.6204,rust,0,MM1 ?P
0.6204,rust,0,MM0 P=0:0
0.6204,rust,0,MM1 P=0:0
0.6542,rust,0,MM0 !M 0 0
0.6543,rust,0,MM1 !M 0 0
0.6543,rust,0,MM0 +
0.6543,rust,0,MM1 +
0.6543,rust,0,"#90,YAW,0.19,GYRO,-9,46,-10,ACC,2,4,257,ADC,1244,296,4,1,"
0.6543,rust,0,MM0 ?S
0.6543,rust,0,MM1 ?S
0.6543,rust,0,MM0 S=0:0
0.6543,rust,0,MM1 S=0:0
0.6543,rust,0,"#91,YAW,0.19,GYRO,-9,48,-10,ACC,-2,1,257,ADC,1229,385,5,2,"
0.6543,rust,0,MM0 ?T
0.6543,rust,0,MM1 ?T
0.6752,rust,0,MM0 T=36:35
0.6753,rust,0,MM1 T=37:34
0.6753,rust,0,"#92,YAW,0.19,GYRO,-10,48,-10,ACC,-1,1,252,ADC,1314,502,7,2,"
0.6754,rust,0,MM0 ?V
0.6754,rust,0,MM1 ?V
0.6968,rust,0,MM0 V=120:221:4906
0.6968,rust,0,MM1 V=120:221:4903
0.6968,rust,0,"#93,YAW,0.19,GYRO,-10,46,-10,ACC,0,0,256,ADC,1267,393,6,2,"
0.6968,rust,0,MM0 ?CR
0.6968,rust,0,MM1 ?CR
0.6968,rust,0,MM0 CR=0:0
0.6968,rust,0,MM1 CR=0:0
0.7175,rust,0,"#94,YAW,0.19,GYRO,-11,46,-9,ACC,0,2,258,ADC,1236,399,5,2,"
0.7175,rust,0,MM0 ?A
0.7175,rust,0,MM1 ?A
0.7175,rust,0,MM0 A=0:0
0.7175,rust,0,MM1 A=0:0
0.7514,rust,0,"$GPRMC,102133.0,A,5050.51587,N,00419.38179,E,000.48,009.0,021026,000.4,E*5A"
0.7514,rust,0,MM1 !M 0 0
0.7514,rust,0,MM0 !M 0 0
0.7514,rust,0,MM1 +
0.7515,rust,0,MM0 +
0.7515,rust,0,"#95,YAW,0.19,GYRO,-8,48,-11,ACC,-4,2,255,ADC,1268,380,4,2,"
0.7515,rust,0,MM0 ?AI
0.7515,rust,0,MM1 ?AI
0.7515,rust,0,MM0 AI=0:0:2479:2473:0:0
0.7515,rust,0,MM1 AI=0:0:2393:2378:0:0
0.7721,rust,0,"#96,YAW,0.19,GYRO,-9,45,-8,ACC,-1,2,257,ADC,1262,391,6,2,"
0.7722,rust,0,MM0 ?C
0.7722,rust,0,MM1 ?C
0.7722,rust,0,MM0 C=-402:345
0.7722,rust,0,MM1 C=2190:-2273
0.7934,rust,0,"#97,YAW,0.19,GYRO,-9,45,-9,ACC,-1,5,254,ADC,1305,499,6,2,"
0.7935,rust,0,MM0 ?D
0.7935,rust,0,MM1 ?D
0.7935,rust,0,MM0 D=48
0.7935,rust,0,MM1 D=35
0.7935,rust,0,"#98,YAW,0.19,GYRO,-9,44,-8,ACC,1,2,257,ADC,1307,386,5,2,"
0.7935,rust,0,MM0 ?FF
0.8145,rust,0,MM1 ?FF
0.8145,rust,0,MM0 FF=16
0.8145,rust,0,MM1 FF=16
0.8145,rust,0,"#99,YAW,0.19,GYRO,-8,47,-9,ACC,-1,3,256,ADC,1283,386,5,2,"
0.8145,rust,0,MM0 ?P
0.8145,rust,0,MM1 ?P
0.8482,rust,0,MM0 P=0:0
0.8482,rust,0,MM1 P=0:0
0.8482,rust,0,MM0 !M 0 0
0.8482,rust,0,MM1 !M 0 0
0.8482,rust,0,MM0 +
0.8483,rust,0,MM1 +
0.8483,rust,0,"#100,YAW,0.19,GYRO,-10,47,-10,ACC,2,5,250,ADC,1250,386,4,2,"
0.8483,rust,0,MM0 ?S
0.8483,rust,0,MM1 ?S
0.8483,rust,0,MM0 S=0:0
0.8483,rust,0,MM1 S=0:0
0.8693,rust,0,"#101,YAW,0.19,GYRO,-12,47,-10,ACC,3,4,257,ADC,1269,386,4,1,"
0.8693,rust,0,MM1 ?T
0.8693,rust,0,MM0 ?T
0.8693,rust,0,MM0 T=35:35
0.8693,rust,0,MM1 T=37:34
0.8902,rust,0,"#102,YAW,0.19,GYRO,-8,45,-10,ACC,-1,2,252,ADC,1245,397,5,1,"
0.8902,rust,0,MM0 ?V
0.8902,rust,0,MM1 ?V
0.8902,rust,0,MM0 V=120:222:4905
0.8902,rust,0,MM1 V=120:223:4903
0.9114,rust,0,"#103,YAW,0.19,GYRO,-9,49,-8,ACC,5,0,258,ADC,1287,501,6,2,"
0.9115,rust,0,MM0 ?CR
0.9115,rust,0,MM1 ?CR
0.9115,rust,0,MM0 CR=0:0
0.9115,rust,0,MM1 CR=0:0
0.9603,rust,0,"#104,YAW,0.19,GYRO,-10,47,-9,ACC,1,3,254,ADC,1262,500,7,2,"
0.9603,rust,0,MM0 ?A
0.9603,rust,0,MM1 ?A
0.9603,rust,0,MM0 A=0:0
0.9604,rust,0,MM1 A=0:0
0.9604,rust,0,"$GPRMC,102133.2,A,5050.51573,N,00419.38174,E,000.45,009.0,021026,000.4,E*53"
0.9604,rust,0,"#105,YAW,0.19,GYRO,-11,45,-10,ACC,1,2,257,ADC,1247,382,4,1,"
0.9604,rust,0,MM0 ?AI
0.9604,rust,0,MM1 ?AI
0.9604,rust,0,MM0 AI=0:0:2481:2488:0:0
0.9604,rust,0,MM1 AI=0:0:2400:2397:0:0
0.9604,rust,0,MM0 !M 0 0
0.9604,rust,0,MM1 !M 0 0
0.9604,rust,0,MM1 +
0.9604,rust,0,MM0 +
0.9604,rust,0,"#106,YAW,0.19,GYRO,-9,46,-9,ACC,0,3,258,ADC,1211,381,6,2,"
0.9604,rust,0,MM0 ?C
0.9604,rust,0,MM1 ?C
0.9604,rust,0,MM0 C=-402:345
0.9604,rust,0,MM1 C=2190:-2273
0.9810,rust,0,"#107,YAW,0.19,GYRO,-12,47,-10,ACC,0,4,262,ADC,1227,386,6,1,"
0.9811,rust,0,MM0 ?D
0.9811,rust,0,MM1 ?D
0.9811,rust,0,MM0 D=48
0.9811,rust,0,MM1 D=35
1.0019,rust,0,"#108,YAW,0.19,GYRO,-10,47,-9,ACC,0,2,253,ADC,1282,500,4,2,"
1.0020,rust,0,MM0 ?FF
1.0020,rust,0,MM1 ?FF
1.0020,rust,0,MM0 FF=16
1.0020,rust,0,MM1 FF=16
1.0230,rust,0,"#109,YAW,0.19,GYRO,-9,45,-8,ACC,1,2,250,ADC,1276,390,5,2,"
1.0230,rust,0,MM0 ?P
1.0231,rust,0,MM1 ?P
1.0231,rust,0,MM0 P=0:0
1.0231,rust,0,MM1 P=0:0
1.0573,rust,0,"#110,YAW,0.19,GYRO,-9,47,-9,ACC,0,2,255,ADC,1220,380,4,2,"
1.0574,rust,0,MM0 ?S
1.0574,rust,0,MM1 ?S
1.0574,rust,0,MM0 S=0:0
1.0574,rust,0,MM1 S=0:0
1.0574,rust,0,MM0 !M 0 0
1.0574,rust,0,MM1 !M 0 0
1.0574,rust,0,MM0 +
1.0574,rust,0,MM1 +
1.0574,rust,0,"#111,YAW,0.19,GYRO,-10,45,-10,ACC,2,2,259,ADC,1278,502,5,1,"
1.0574,rust,0,MM0 ?T
1.0574,rust,0,MM1 ?T
1.0574,rust,0,MM0 T=35:35
1.0574,rust,0,MM1 T=37:34
1.0780,rust,0,"#112,YAW,0.19,GYRO,-9,47,-10,ACC,-4,2,253,ADC,1217,381,5,2,"
1.0780,rust,0,MM0 ?V
1.0780,rust,0,MM1 ?V
1.0780,rust,0,MM0 V=120:222:4906
1.0780,rust,0,MM1 V=120:218:4902
1.0990,rust,0,"#113,YAW,0.19,GYRO,-10,47,-10,ACC,0,1,258,ADC,1256,387,6,3,"
1.0990,rust,0,MM0 ?CR
1.0990,rust,0,MM1 ?CR
1.0990,rust,0,MM0 CR=0:0
1.0990,rust,0,MM1 CR=0:0
1.1200,rust,0,"#114,YAW,0.19,GYRO,-10,48,-9,ACC,1,2,256,ADC,1267,399,5,2,"
1.1200,rust,0,MM0 ?A
1.1201,rust,0,MM1 ?A
1.1201,rust,0,MM0 A=0:0
1.1201,rust,0,MM1 A=0:0
1.1542,rust,0,"$GPRMC,102133.4,A,5050.51562,N,00419.38173,E,000.41,009.0,021026,000.4,E*56"
1.1542,rust,0,MM0 !M 0 0
1.1542,rust,0,MM1 !M 0 0
1.1542,rust,0,MM0 +
1.1542,rust,0,MM1 +
1.1542,rust,0,"#115,YAW,0.19,GYRO,-10,47,-10,ACC,2,2,256,ADC,1312,354,4,2,"
1.1543,rust,0,MM0 ?AI
1.1543,rust,0,MM1 ?AI
1.1543,rust,0,MM0 AI=0:0:2479:2471:0:0
1.1543,rust,0,MM1 AI=0:0:2385:2395:0:0
1.1543,rust,0,"#116,YAW,0.19,GYRO,-8,47,-10,ACC,0,4,253,ADC,1236,500,6,2,"
1.1543,rust,0,MM0 ?C
1.1543,rust,0,MM1 ?C
1.1752,rust,0,MM0 C=-402:345
1.1752,rust,0,MM1 C=2190:-2273
1.1752,rust,0,"#117,YAW,0.19,GYRO,-8,47,-9,ACC,2,1,256,ADC,1264,380,5,1,"
1.1752,rust,0,MM0 ?D
1.1752,rust,0,MM1 ?D
1.1753,rust,0,MM0 D=48
1.1982,rust,0,MM1 D=35
1.1982,rust,0,"#118,YAW,0.19,GYRO,-8,47,-9,ACC,3,1,253,ADC,1245,402,5,1,"
1.1982,rust,0,MM0 ?FF
1.1982,rust,0,MM1 ?FF
1.1982,rust,0,MM0 FF=16
1.1982,rust,0,MM1 FF=16
1.2169,rust,0,"#119,YAW,0.19,GYRO,-9,47,-9,ACC,4,1,255,ADC,1230,388,3,2,"
1.2170,rust,0,MM0 ?P
1.2170,rust,0,MM1 ?P
1.2170,rust,0,MM0 P=0:0
1.2170,rust,0,MM1 P=0:0
1.2514,rust,0,MM0 !M 0 0
1.2514,rust,0,MM1 !M 0 0
1.2514,rust,0,MM0 +
1.2514,rust,0,MM1 +
1.2514,rust,0,"#120,YAW,0.19,GYRO,-11,46,-9,ACC,2,2,259,ADC,1250,414,8,2,"
1.2514,rust,0,MM0 ?S
1.2514,rust,0,MM1 ?S
1.2514,rust,0,MM0 S=0:0
1.2514,rust,0,MM1 S=0:0
1.2732,rust,0,"#121,YAW,0.19,GYRO,-9,47,-9,ACC,1,3,257,ADC,1273,389,6,2,"
1.2733,rust,0,MM0 ?T
1.2733,rust,0,MM1 ?T
1.2733,rust,0,MM0 T=35:35
1.2733,rust,0,MM1 T=37:34
1.2932,rust,0,"#122,YAW,0.19,GYRO,-9,46,-10,ACC,-2,2,254,ADC,1255,500,7,2,"
1.2936,rust,0,MM0 ?V
1.2936,rust,0,MM1 ?V
1.2936,rust,0,MM0 V=120:222:4906
1.2936,rust,0,MM1 V=120:222:4903
1.3142,rust,0,"#123,YAW,0.19,GYRO,-9,46,-9,ACC,2,3,254,ADC,1203,382,6,2,"
1.3143,rust,0,MM0 ?CR
1.3143,rust,0,MM1 ?CR
1.3143,rust,0,MM0 CR=0:0
1.3143,rust,0,MM1 CR=0:0
1.3143,rust,0,"#124,YAW,0.19,GYRO,-10,45,-10,ACC,-1,5,254,ADC,1223,381,5,2,"
1.3143,rust,0,MM0 ?A
1.3143,rust,0,MM1 ?A
1.3611,rust,0,MM0 A=0:0
1.3612,rust,0,MM1 A=0:0
1.3612,rust,0,"$GPRMC,102133.6,A,5050.51550,N,00419.38168,E,000.38,009.0,021026,000.4,E*51"
1.3612,rust,0,"#125,YAW,0.19,GYRO,-9,45,-10,ACC,-1,4,257,ADC,1254,394,6,2,"
1.3612,rust,0,MM0 ?AI
1.3612,rust,0,MM1 ?AI
1.3612,rust,0,MM0 AI=0:0:2478:2481:0:0
1.3612,rust,0,MM1 AI=0:0:2394:2405:0:0
1.3612,rust,0,MM0 !M 0 0
1.3612,rust,0,MM1 !M 0 0
1.3612,rust,0,MM0 +
1.3612,rust,0,MM1 +
1.3612,rust,0,"#126,YAW,0.19,GYRO,-10,47,-10,ACC,1,2,257,ADC,1240,498,5,1,"
1.3612,rust,0,MM0 ?C
1.3612,rust,0,MM1 ?C
1.3612,rust,0,MM0 C=-402:345
1.3612,rust,0,MM1 C=2190:-2273
1.3820,rust,0,"#127,YAW,0.19,GYRO,-9,46,-10,ACC,0,4,258,ADC,1248,385,7,2,"
1.3820,rust,0,MM0 ?D
1.3820,rust,0,MM1 ?D
1.3820,rust,0,MM0 D=48
1.3820,rust,0,MM1 D=35
1.4029,rust,0,"#128,YAW,0.19,GYRO,-9,45,-9,ACC,-1,2,254,ADC,1232,503,6,2,"
1.4029,rust,0,MM0 ?FF
1.4030,rust,0,MM1 ?FF
1.4030,rust,0,MM0 FF=16
1.4030,rust,0,MM1 FF=16
1.4240,rust,0,"#129,YAW,0.19,GYRO,-10,47,-9,ACC,-1,1,253,ADC,1267,383,3,1,"
1.4241,rust,0,MM0 ?P
1.4241,rust,0,MM1 ?P
1.4241,rust,0,MM0 P=0:0
1.4241,rust,0,MM1 P=0:0
1.4580,rust,0,"#130,YAW,0.19,GYRO,-8,47,-9,ACC,1,1,257,ADC,1321,500,6,2,"
1.4581,rust,0,MM0 ?S
1.4581,rust,0,MM1 ?S
1.4581,rust,0,MM0 S=0:0
1.4581,rust,0,MM1 S=0:0
1.4581,rust,0,MM0 !M 0 0
1.4581,rust,0,MM1 !M 0 0
1.4581,rust,0,MM0 +
1.4581,rust,0,MM1 +
1.4581,rust,0,"#131,YAW,0.19,GYRO,-9,47,-10,ACC,3,1,257,ADC,1307,394,6,2,"
1.4581,rust,0,MM0 ?T
1.4581,rust,0,MM1 ?T
1.4581,rust,0,MM0 T=35:35
1.4581,rust,0,MM1 T=36:34
1.4794,rust,0,"#132,YAW,0.19,GYRO,-8,47,-8,ACC,1,3,243,ADC,1283,414,6,2,"
1.4794,rust,0,MM0 ?V
1.4795,rust,0,MM1 ?V
1.4795,rust,0,MM0 V=120:221:4905
1.4795,rust,0,MM1 V=120:221:4902
1.4999,rust,0,"#133,YAW,0.19,GYRO,-10,47,-9,ACC,2,3,256,ADC,1221,388,4,2,"
1.4999,rust,0,MM0 ?CR
1.4999,rust,0,MM1 ?CR
1.4999,rust,0,MM0 CR=0:0
1.4999,rust,0,MM1 CR=0:0
1.5211,rust,0,"#134,YAW,0.19,GYRO,-9,47,-10,ACC,2,4,257,ADC,1252,383,7,2,"
1.5212,rust,0,MM0 ?A
1.5212,rust,0,MM1 ?A
1.5212,rust,0,MM0 A=0:0
1.5212,rust,0,MM1 A=0:0
1.5563,rust,0,"$GPRMC,102133.8,A,5050.51539,N,00419.38164,E,000.35,009.0,021026,000.4,E*51"
1.5563,rust,0,"#135,YAW,0.19,GYRO,-10,46,-10,ACC,-2,4,256,ADC,1250,376,4,2,"
1.5564,rust,0,MM0 !M 0 0
1.5564,rust,0,MM0 +
1.5564,rust,0,MM1 !M 0 0
1.5564,rust,0,MM1 +
1.5564,rust,0,MM0 ?AI
1.5564,rust,0,MM1 ?AI
1.5564,rust,0,MM0 AI=0:0:2461:2576:0:0
1.5564,rust,0,MM1 AI=0:0:2388:2384:0:0
1.5564,rust,0,"#136,YAW,0.19,GYRO,-11,46,-10,ACC,-1,1,251,ADC,1191,381,7,2,"
1.5564,rust,0,MM0 ?C
1.5564,rust,0,MM1 ?C
1.5564,rust,0,MM0 C=-402:345
1.5770,rust,0,MM1 C=2190:-2273
1.5771,rust,0,"#137,YAW,0.19,GYRO,-10,45,-10,ACC,3,1,260,ADC,1285,500,3,2,"
1.5771,rust,0,MM0 ?D
1.5771,rust,0,MM1 ?D
1.5771,rust,0,MM0 D=48
1.5771,rust,0,MM1 D=35
1.5980,rust,0,"#138,YAW,0.19,GYRO,-9,47,-9,ACC,1,3,254,ADC,1288,504,5,2,"
1.5980,rust,0,MM0 ?FF
1.5980,rust,0,MM1 ?FF
1.5980,rust,0,MM0 FF=16
1.5980,rust,0,MM1 FF=16
1.6179,rust,0,"#139,YAW,0.19,GYRO,-10,45,-9,ACC,2,1,257,ADC,1250,382,5,2,"
1.6179,rust,0,MM0 ?P
1.6179,rust,0,MM1 ?P
1.6179,rust,0,MM0 P=0:0
1.6179,rust,0,MM1 P=0:0
1.6524,rust,0,MM1 !M 0 0
1.6524,rust,0,MM0 !M 0 0
1.6524,rust,0,MM1 +
1.6524,rust,0,MM0 +
1.6524,rust,0,"#140,YAW,0.19,GYRO,-9,47,-11,ACC,3,4,255,ADC,1302,389,5,2,"
1.6524,rust,0,MM0 ?S
1.6524,rust,0,MM1 ?S
1.6524,rust,0,MM0 S=0:0
1.6524,rust,0,MM1 S=0:0
1.6732,rust,0,"#141,YAW,0.19,GYRO,-11,50,-10,ACC,-2,5,255,ADC,1260,500,4,1,"
1.6732,rust,0,MM0 ?T
1.6732,rust,0,MM1 ?T
1.6732,rust,0,MM0 T=35:35
1.6732,rust,0,MM1 T=37:34
1.6732,rust,0,"#142,YAW,0.19,GYRO,-10,44,-9,ACC,0,3,254,ADC,1231,395,6,2,"
1.6732,rust,0,MM0 ?V
1.6949,rust,0,MM1 ?V
1.6949,rust,0,MM0 V=120:221:4905
1.6950,rust,0,MM1 V=120:223:4903
1.6950,rust,0,"#143,YAW,0.19,GYRO,-8,48,-9,ACC,2,2,251,ADC,1218,384,7,2,"
1.6950,rust,0,MM1 ?CR
1.6950,rust,0,MM0 ?CR
1.7160,rust,0,MM1 CR=0:0
1.7160,rust,0,MM0 CR=0:0
1.7160,rust,0,"#144,YAW,0.19,GYRO,-10,46,-11,ACC,1,3,257,ADC,1225,380,5,2,"
1.7160,rust,0,MM0 ?A
1.7160,rust,0,MM1 ?A
1.7160,rust,0,MM0 A=0:0
1.7651,rust,0,MM1 A=0:0
1.7651,rust,0,"$GPRMC,102134.0,A,5050.51528,N,00419.38162,E,000.31,009.0,021026,000.4,E*5C"
1.7651,rust,0,"#145,YAW,0.19,GYRO,-9,48,-9,ACC,-3,1,256,ADC,1204,382,5,2,"
1.7651,rust,0,MM0 ?AI
1.7651,rust,0,MM1 ?AI
1.7651,rust,0,MM0 AI=0:0:2458:2493:0:0
1.7651,rust,0,MM1 AI=0:0:2406:2403:0:0
1.7651,rust,0,MM0 !M 0 0
1.7651,rust,0,MM1 !M 0 0
1.7651,rust,0,MM0 +
1.7651,rust,0,MM1 +
1.7651,rust,0,"#146,YAW,0.19,GYRO,-9,46,-10,ACC,1,3,255,ADC,1248,500,6,2,"
1.7651,rust,0,MM0 ?C
1.7651,rust,0,MM1 ?C
1.7651,rust,0,MM0 C=-402:345
1.7651,rust,0,MM1 C=2190:-2273
1.7859,rust,0,"#147,YAW,0.19,GYRO,-9,48,-9,ACC,3,2,257,ADC,1219,496,4,1,"
1.7860,rust,0,MM0 ?D
1.7860,rust,0,MM1 ?D
1.7860,rust,0,MM0 D=48
1.7860,rust,0,MM1 D=43
1.8087,rust,0,"#148,YAW,0.19,GYRO,-10,47,-9,ACC,2,-1,260,ADC,1224,384,4,2,"
1.8087,rust,0,MM0 ?FF
1.8087,rust,0,MM1 ?FF
1.8087,rust,0,MM0 FF=16
1.8087,rust,0,MM1 FF=16
1.8281,rust,0,"#149,YAW,0.19,GYRO,-9,48,-10,ACC,1,2,256,ADC,1297,500,4,2,"
1.8282,rust,0,MM0 ?P
1.8282,rust,0,MM1 ?P
1.8282,rust,0,MM0 P=0:0
1.8282,rust,0,MM1 P=0:0
1.8621,rust,0,"#150,YAW,0.19,GYRO,-11,48,-10,ACC,1,2,256,ADC,1285,383,4,2,"
1.8621,rust,0,MM0 ?S
1.8621,rust,0,MM1 ?S
1.8621,rust,0,MM0 S=0:0
1.8621,rust,0,MM1 S=0:0
1.8621,rust,0,MM0 !M 0 0
1.8621,rust,0,MM1 !M 0 0
1.8621,rust,0,MM0 +
1.8622,rust,0,MM1 +
1.8622,rust,0,"#151,YAW,0.19,GYRO,-9,46,-10,ACC,3,2,255,ADC,1231,383,5,1,"
1.8622,rust,0,MM0 ?T
1.8622,rust,0,MM1 ?T
1.8622,rust,0,MM0 T=35:35
1.8622,rust,0,MM1 T=37:34
1.8829,rust,0,"#152,YAW,0.19,GYRO,-11,48,-10,ACC,1,2,255,ADC,1248,499,4,2,"
1.8829,rust,0,MM1 ?V
1.8829,rust,0,MM0 ?V
1.8829,rust,0,MM1 V=120:221:4904
1.8829,rust,0,MM0 V=120:222:4906
1.9041,rust,0,"#153,YAW,0.19,GYRO,-9,46,-8,ACC,3,2,258,ADC,1218,391,6,2,"
1.9041,rust,0,MM1 ?CR
1.9041,rust,0,MM0 ?CR
1.9041,rust,0,MM1 CR=0:0
1.9041,rust,0,MM0 CR=0:0
1.9250,rust,0,"#154,YAW,0.19,GYRO,-10,48,-10,ACC,2,2,256,ADC,1217,381,7,1,"
1.9250,rust,0,MM1 ?A
1.9250,rust,0,MM0 ?A
1.9250,rust,0,MM1 A=0:0
1.9250,rust,0,MM0 A=0:0
1.9251,rust,0,"$GPRMC,102134.2,A,5050.51517,N,00419.38166,E,000.28,009.0,021026,000.4,E*5E"
1.9590,rust,0,"#155,YAW,0.19,GYRO,-9,45,-9,ACC,0,1,255,ADC,1237,389,5,1,"
1.9590,rust,0,MM1 ?AI
1.9590,rust,0,MM0 ?AI
1.9590,rust,0,MM0 AI=0:0:2465:2494:0:0
1.9590,rust,0,MM1 AI=0:0:2412:2392:0:0
1.9590,rust,0,MM1 !M 0 0
1.9590,rust,0,MM0 !M 0 0
1.9591,rust,0,MM1 +
1.9591,rust,0,MM0 +
1.9591,rust,0,"#156,YAW,0.19,GYRO,-9,48,-9,ACC,4,3,251,ADC,1216,385,4,1,"
1.9591,rust,0,MM1 ?C
1.9591,rust,0,MM0 ?C
1.9591,rust,0,MM0 C=-402:345
1.9591,rust,0,MM1 C=2190:-2273
1.9800,rust,0,"#157,YAW,0.19,GYRO,-9,47,-9,ACC,0,2,255,ADC,1219,500,6,2,"
1.9800,rust,0,MM1 ?D
1.9800,rust,0,MM0 ?D
1.9800,rust,0,MM1 D=35
1.9800,rust,0,MM0 D=56
2.0012,rust,0,"#158,YAW,0.19,GYRO,-9,46,-9,ACC,1,2,255,ADC,1257,496,5,2,"
2.0012,rust,0,MM1 ?FF
2.0012,rust,0,MM0 ?FF
2.0013,rust,0,MM1 FF=16
2.0013,rust,0,MM0 FF=16
2.0219,rust,0,"#159,YAW,0.19,GYRO,-10,46,-9,ACC,0,2,252,ADC,1259,384,5,2,"
2.0220,rust,0,MM1 ?P
2.0220,rust,0,MM0 ?P
2.0220,rust,0,MM1 P=0:0
2.0220,rust,0,MM0 P=0:0
2.0564,rust,0,"#160,YAW,0.19,GYRO,-8,47,-9,ACC,2,3,255,ADC,1226,379,5,2,"
2.0564,rust,0,MM0 !M 0 0
2.0564,rust,0,MM0 +
2.0564,rust,0,MM1 !M 0 0
2.0564,rust,0,MM1 +
2.0564,rust,0,MM1 ?S
2.0564,rust,0,MM0 ?S
2.0564,rust,0,MM1 S=0:0
2.0564,rust,0,MM0 S=0:0
2.0564,rust,0,"#161,YAW,0.19,GYRO,-10,48,-8,ACC,1,2,256,ADC,1237,383,4,2,"
2.0564,rust,0,MM1 ?T
2.0564,rust,0,MM0 ?T
2.0564,rust,0,MM1 T=37:34
2.0564,rust,0,MM0 T=36:35
2.0772,rust,0,"#162,YAW,0.19,GYRO,-11,46,-10,ACC,-1,2,255,ADC,1272,498,5,2,"
2.0772,rust,0,MM1 ?V
2.0773,rust,0,MM0 ?V
2.0773,rust,0,MM1 V=120:221:4903
2.0979,rust,0,MM0 V=120:221:4906
2.0980,rust,0,"#163,YAW,0.19,GYRO,-10,47,-10,ACC,-1,2,255,ADC,1223,381,7,2,"
2.0980,rust,0,MM1 ?CR
2.0980,rust,0,MM0 ?CR
2.0980,rust,0,MM1 CR=0:0
2.0980,rust,0,MM0 CR=0:0
2.1191,rust,0,"#164,YAW,0.19,GYRO,-9,46,-10,ACC,4,4,256,ADC,1219,385,6,1,"
2.1192,rust,0,MM1 ?A
2.1192,rust,0,MM0 ?A
2.1192,rust,0,MM1 A=0:0
2.1192,rust,0,MM0 A=0:0
2.1531,rust,0,"$GPRMC,102134.4,A,5050.51513,N,00419.38168,E,000.26,009.0,021026,000.4,E*5C"
2.1531,rust,0,MM1 !M 0 0
2.1532,rust,0,MM0 !M 0 0
2.1532,rust,0,MM1 +
2.1532,rust,0,MM0 +
2.1532,rust,0,"#165,YAW,0.19,GYRO,-9,46,-10,ACC,0,1,256,ADC,1239,313,7,2,"
2.1532,rust,0,MM1 ?AI
2.1532,rust,0,MM0 ?AI
2.1532,rust,0,MM1 AI=0:0:2378:2411:0:0
2.1532,rust,0,MM0 AI=0:0:2480:2472:0:0
2.1532,rust,0,"#166,YAW,0.19,GYRO,-10,48,-10,ACC,0,3,254,ADC,1304,386,5,2,"
2.1532,rust,0,MM1 ?C
2.1741,rust,0,MM0 ?C
2.1742,rust,0,MM0 C=-402:345
2.1742,rust,0,MM1 C=2190:-2273
2.1742,rust,0,"#167,YAW,0.19,GYRO,-8,47,-11,ACC,4,1,259,ADC,1240,497,4,2,"
2.1742,rust,0,MM1 ?D
2.1742,rust,0,MM0 ?D
2.1949,rust,0,MM1 D=35
2.1949,rust,0,MM0 D=48
2.1949,rust,0,"#168,YAW,0.19,GYRO,-9,46,-11,ACC,3,1,256,ADC,1249,394,4,2,"
2.1949,rust,0,MM1 ?FF
2.1949,rust,0,MM0 ?FF
2.2163,rust,0,MM1 FF=16
2.2163,rust,0,MM0 FF=16
2.2163,rust,0,"#169,YAW,0.19,GYRO,-11,45,-9,ACC,4,1,253,ADC,1231,501,6,2,"
2.2163,rust,0,MM1 ?P
2.2163,rust,0,MM0 ?P
2.2163,rust,0,MM1 P=0:0
2.2163,rust,0,MM0 P=0:0
2.2670,rust,0,"#170,YAW,0.19,GYRO,-10,46,-9,ACC,3,4,258,ADC,1251,501,5,2,"
2.2670,rust,0,MM1 ?S
2.2670,rust,0,MM0 ?S
2.2671,rust,0,MM1 S=0:0
2.2671,rust,0,MM0 S=0:0
2.2671,rust,0,MM0 !M 0 0
2.2671,rust,0,MM1 !M 0 0
2.2671,rust,0,MM0 +
2.2671,rust,0,MM1 +
2.2671,rust,0,"#171,YAW,0.19,GYRO,-10,46,-9,ACC,0,-1,252,ADC,1207,383,5,1,"
2.2671,rust,0,MM1 ?T
2.2671,rust,0,MM0 ?T
2.2671,rust,0,MM1 T=37:34
2.2671,rust,0,MM0 T=35:35
2.2905,rust,0,"#172,YAW,0.19,GYRO,-10,46,-10,ACC,-1,2,254,ADC,1227,387,7,3,"
2.2905,rust,0,MM1 ?V
2.2905,rust,0,MM0 ?V
2.2905,rust,0,MM1 V=120:221:4902
2.2905,rust,0,MM0 V=120:221:4906
2.3091,rust,0,"#173,YAW,0.19,GYRO,-10,45,-9,ACC,2,2,254,ADC,1206,383,5,2,"
2.3091,rust,0,MM1 ?CR
2.3091,rust,0,MM0 ?CR
2.3091,rust,0,MM1 CR=0:0
2.3091,rust,0,MM0 CR=0:0
2.3312,rust,0,"#174,YAW,0.19,GYRO,-9,47,-9,ACC,4,1,253,ADC,1275,493,5,2,"
2.3312,rust,0,MM1 ?A
2.3313,rust,0,MM0 ?A
2.3313,rust,0,MM1 A=0:0
2.3313,rust,0,MM0 A=0:0
2.3313,rust,0,"$GPRMC,102134.6,A,5050.51511,N,00419.38165,E,000.24,009.0,021026,000.4,E*53"
2.3650,rust,0,"#175,YAW,0.19,GYRO,-10,48,-9,ACC,-1,6,254,ADC,1248,394,4,1,"
2.3651,rust,0,MM1 ?AI
2.3651,rust,0,MM0 ?AI
2.3651,rust,0,MM1 AI=0:0:2382:2372:0:0
2.3651,rust,0,MM0 AI=0:0:2485:2481:0:0
2.3651,rust,0,MM1 !M 0 0
2.3651,rust,0,MM0 !M 0 0
2.3651,rust,0,MM1 +
2.3651,rust,0,MM0 +
2.3651,rust,0,"#176,YAW,0.19,GYRO,-9,48,-9,ACC,0,2,256,ADC,1247,382,4,2,"
2.3651,rust,0,MM1 ?C
2.3651,rust,0,MM0 ?C
2.3651,rust,0,MM0 C=-402:345
2.3651,rust,0,MM1 C=2190:-2273
2.3860,rust,0,"#177,YAW,0.19,GYRO,-10,46,-10,ACC,2,1,255,ADC,1201,380,5,2,"
2.3861,rust,0,MM1 ?D
2.3861,rust,0,MM0 ?D
2.3861,rust,0,MM1 D=35
2.3861,rust,0,MM0 D=48
2.4070,rust,0,"#178,YAW,0.19,GYRO,-10,47,-10,ACC,1,2,254,ADC,1278,385,5,1,"
2.4070,rust,0,MM1 ?FF
2.4070,rust,0,MM0 ?FF
2.4070,rust,0,MM1 FF=16
2.4070,rust,0,MM0 FF=16
2.4280,rust,0,"#179,YAW,0.19,GYRO,-11,44,-9,ACC,0,2,256,ADC,1286,384,5,1,"
2.4281,rust,0,MM1 ?P
2.4281,rust,0,MM0 ?P
2.4281,rust,0,MM1 P=0:0
2.4281,rust,0,MM0 P=0:0
2.4620,rust,0,"#180,YAW,0.19,GYRO,-11,48,-10,ACC,4,1,259,ADC,1219,384,4,2,"
2.4620,rust,0,MM1 ?S
2.4620,rust,0,MM0 ?S
2.4620,rust,0,MM1 S=0:0
2.4620,rust,0,MM0 S=0:0
2.4620,rust,0,MM1 !M 0 0
2.4620,rust,0,MM0 !M 0 0
2.4620,rust,0,MM1 +
2.4620,rust,0,MM0 +
2.4620,rust,0,"#181,YAW,0.19,GYRO,-9,47,-9,ACC,0,3,256,ADC,1251,383,6,2,"
2.4620,rust,0,MM1 ?T
2.4620,rust,0,MM0 ?T
2.4620,rust,0,MM1 T=36:34
2.4620,rust,0,MM0 T=36:35
2.4829,rust,0,"#182,YAW,0.19,GYRO,-10,47,-10,ACC,1,2,253,ADC,1264,396,6,1,"
2.4829,rust,0,MM0 ?V
2.4829,rust,0,MM1 ?V
2.4829,rust,0,MM0 V=120:222:4905
2.4829,rust,0,MM1 V=120:221:4903
2.5040,rust,0,"#183,YAW,0.19,GYRO,-9,47,-10,ACC,1,1,254,ADC,1256,382,5,2,"
2.5040,rust,0,MM1 ?CR
2.5040,rust,0,MM0 ?CR
2.5040,rust,0,MM0 CR=0:0
2.5040,rust,0,MM1 CR=0:0
2.5250,rust,0,"#184,YAW,0.19,GYRO,-11,48,-9,ACC,3,2,259,ADC,1281,389,5,2,"
2.5250,rust,0,MM0 ?A
2.5250,rust,0,MM1 ?A
2.5250,rust,0,MM0 A=0:0
2.5250,rust,0,MM1 A=0:0
2.5250,rust,0,"$GPRMC,102134.8,A,5050.51509,N,00419.38163,E,000.23,009.0,021026,000.4,E*55"
2.5591,rust,0,"#185,YAW,0.19,GYRO,-10,48,-10,ACC,1,1,255,ADC,1247,393,7,2,"
2.5591,rust,0,MM0 ?AI
2.5591,rust,0,MM1 ?AI
2.5591,rust,0,MM0 AI=0:0:2471:2472:0:0
2.5591,rust,0,MM1 AI=0:0:2393:2381:0:0
2.5591,rust,0,MM0 !M 0 0
2.5591,rust,0,MM1 !M 0 0
2.5591,rust,0,MM0 +
2.5591,rust,0,MM1 +
2.5592,rust,0,"#186,YAW,0.19,GYRO,-8,47,-9,ACC,3,1,255,ADC,1248,500,4,2,"
2.5592,rust,0,MM0 ?C
2.5592,rust,0,MM1 ?C
2.5592,rust,0,MM0 C=-402:345
2.5592,rust,0,MM1 C=2190:-2273
2.5800,rust,0,"#187,YAW,0.19,GYRO,-8,48,-9,ACC,1,4,259,ADC,1273,501,4,2,"
2.5800,rust,0,MM0 ?D
2.5800,rust,0,MM1 ?D
2.5800,rust,0,MM0 D=48
2.5800,rust,0,MM1 D=35
2.6010,rust,0,"#188,YAW,0.19,GYRO,-10,48,-9,ACC,-2,2,251,ADC,1276,389,6,2,"
2.6010,rust,0,MM0 ?FF
2.6010,rust,0,MM1 ?FF
2.6010,rust,0,MM0 FF=16
2.6010,rust,0,MM1 FF=16
2.6221,rust,0,"#189,YAW,0.19,GYRO,-10,45,-8,ACC,2,3,254,ADC,1224,381,4,2,"
2.6221,rust,0,MM0 ?P
2.6221,rust,0,MM1 ?P
2.6221,rust,0,MM0 P=0:0
2.6221,rust,0,MM1 P=0:0
2.6563,rust,0,"#190,YAW,0.19,GYRO,-9,46,-8,ACC,2,2,253,ADC,1244,394,4,3,"
2.6563,rust,0,MM0 !M 0 0
2.6563,rust,0,MM0 +
2.6563,rust,0,MM1 !M 0 0
2.6563,rust,0,MM1 +
2.6563,rust,0,MM0 ?S
2.6563,rust,0,MM1 ?S
2.6563,rust,0,MM0 S=0:0
2.6563,rust,0,MM1 S=0:0
2.6563,rust,0,"#191,YAW,0.19,GYRO,-10,45,-10,ACC,0,6,256,ADC,1258,489,5,2,"
2.6564,rust,0,MM0 ?T
2.6564,rust,0,MM1 ?T
2.6564,rust,0,MM0 T=35:35
2.6564,rust,0,MM1 T=36:34
2.6771,rust,0,"#192,YAW,0.19,GYRO,-10,47,-8,ACC,4,1,258,ADC,1226,380,5,2,"
2.6772,rust,0,MM0 ?V
2.6772,rust,0,MM1 ?V
2.6772,rust,0,MM0 V=120:223:4906
2.6998,rust,0,MM1 V=120:221:4903
2.6998,rust,0,"#193,YAW,0.19,GYRO,-10,46,-9,ACC,0,2,253,ADC,1269,500,4,2,"
2.6998,rust,0,MM0 ?CR
2.6998,rust,0,MM1 ?CR
2.6998,rust,0,MM0 CR=0:0
2.6998,rust,0,MM1 CR=0:0
2.7192,rust,0,"#194,YAW,0.19,GYRO,-8,47,-9,ACC,-1,3,256,ADC,1289,501,4,1,"
2.7192,rust,0,MM0 ?A
2.7192,rust,0,MM1 ?A
2.7192,rust,0,MM0 A=0:0
2.7192,rust,0,MM1 A=0:0
2.7694,rust,0,"$GPRMC,102135.0,A,5050.51510,N,00419.38166,E,000.23,009.0,021026,000.4,E*51"
2.7694,rust,0,"#195,YAW,0.19,GYRO,-10,47,-9,ACC,2,2,252,ADC,1255,501,6,2,"
2.7694,rust,0,MM0 ?AI
2.7694,rust,0,MM1 ?AI
2.7694,rust,0,MM0 AI=0:0:2466:2486:0:0
2.7694,rust,0,MM1 AI=0:0:2400:2381:0:0
2.7694,rust,0,MM1 !M 0 0
2.7695,rust,0,MM0 !M 0 0
2.7695,rust,0,MM1 +
2.7695,rust,0,MM0 +
2.7695,rust,0,"#196,YAW,0.19,GYRO,-8,46,-9,ACC,-2,4,255,ADC,1287,501,5,1,"
2.7695,rust,0,MM0 ?C
2.7695,rust,0,MM1 ?C
2.7695,rust,0,MM0 C=-402:345
2.7695,rust,0,MM1 C=2190:-2273
2.7902,rust,0,"#197,YAW,0.19,GYRO,-9,47,-9,ACC,0,5,257,ADC,1257,389,5,2,"
2.7903,rust,0,MM0 ?D
2.7903,rust,0,MM1 ?D
2.7903,rust,0,MM0 D=48
2.7903,rust,0,MM1 D=35
2.8112,rust,0,"#198,YAW,0.19,GYRO,-11,46,-10,ACC,1,1,255,ADC,1249,382,6,2,"
2.8112,rust,0,MM0 ?FF
2.8112,rust,0,MM1 ?FF
2.8112,rust,0,MM0 FF=16
2.8112,rust,0,MM1 FF=16
2.8320,rust,0,"#199,YAW,0.19,GYRO,-9,46,-11,ACC,2,2,257,ADC,1255,499,6,2,"
2.8321,rust,0,MM0 ?P
2.8321,rust,0,MM1 ?P
2.8321,rust,0,MM0 P=0:0
2.8321,rust,0,MM1 P=0:0
2.8662,rust,0,"#200,YAW,0.19,GYRO,-10,47,-8,ACC,0,4,255,ADC,1290,497,7,1,"
2.8662,rust,0,MM0 ?S
2.8662,rust,0,MM1 ?S
2.8662,rust,0,MM0 S=0:0
2.8662,rust,0,MM1 S=0:0
2.8662,rust,0,MM1 !M 0 0
2.8662,rust,0,MM0 !M 0 0
2.8663,rust,0,MM1 +
2.8663,rust,0,MM0 +
2.8663,rust,0,"#201,YAW,0.19,GYRO,-10,48,-10,ACC,0,1,254,ADC,1279,499,6,2,"
2.8663,rust,0,MM0 ?T
2.8663,rust,0,MM1 ?T
2.8663,rust,0,MM0 T=35:35
2.8665,rust,0,MM1 T=37:34
2.8869,rust,0,"#202,YAW,0.19,GYRO,-9,48,-9,ACC,0,2,253,ADC,1234,383,3,1,"
2.8869,rust,0,MM0 ?V
2.8869,rust,0,MM1 ?V
2.8869,rust,0,MM0 V=120:222:4906
2.8869,rust,0,MM1 V=120:221:4904
2.9080,rust,0,"#203,YAW,0.19,GYRO,-11,46,-10,ACC,5,0,253,ADC,1240,389,5,3,"
2.9081,rust,0,MM0 ?CR
2.9081,rust,0,MM1 ?CR
2.9081,rust,0,MM0 CR=0:0
2.9081,rust,0,MM1 CR=0:0
2.9294,rust,0,"#204,YAW,0.19,GYRO,-10,46,-10,ACC,2,4,258,ADC,1248,388,4,2,"
2.9294,rust,0,MM0 ?A
2.9294,rust,0,MM1 ?A
2.9294,rust,0,MM0 A=0:0
2.9294,rust,0,MM1 A=0:0
2.9294,rust,0,"$GPRMC,102135.2,A,5050.51512,N,00419.38165,E,000.25,009.0,021026,000.4,E*54"
2.9630,rust,0,"#205,YAW,0.19,GYRO,-9,47,-9,ACC,-1,1,253,ADC,1250,501,5,2,"
2.9631,rust,0,MM0 ?AI
2.9631,rust,0,MM1 ?AI
2.9631,rust,0,MM0 AI=0:0:2457:2479:0:0
2.9631,rust,0,MM1 AI=0:0:2378:2391:0:0
2.9631,rust,0,MM0 !M 0 0
2.9631,rust,0,MM1 !M 0 0
2.9631,rust,0,MM0 +
2.9631,rust,0,MM1 +
2.9631,rust,0,"#206,YAW,0.19,GYRO,-9,47,-8,ACC,2,2,259,ADC,1249,382,6,1,"
2.9631,rust,0,MM0 ?C
2.9631,rust,0,MM1 ?C
2.9631,rust,0,MM0 C=-402:345
2.9631,rust,0,MM1 C=2190:-2273
2.9843,rust,0,"#207,YAW,0.19,GYRO,-10,48,-9,ACC,3,1,257,ADC,1292,387,7,2,"
2.9844,rust,0,MM0 ?D
2.9844,rust,0,MM1 ?D
2.9844,rust,0,MM0 D=48
2.9844,rust,0,MM1 D=35
3.0068,rust,0,"#208,YAW,0.19,GYRO,-10,48,-10,ACC,-1,1,255,ADC,1206,381,5,1,"
3.0068,rust,0,MM0 ?FF
3.0069,rust,0,MM1 ?FF
3.0069,rust,0,MM0 FF=16
3.0069,rust,0,MM1 FF=16
